{"cameraMode":{"drawMode":0,"name":"Shaded","section":"Shading Mode"},"sceneLighting":true,"audioPlay":false,"sceneViewState":{"showFog":true,"showMaterialUpdate":false,"showSkybox":true,"showFlares":false,"showImageEffects":false,"showParticleSystems":false},"in2DMode":false,"pivot":{"x":2.5182464122772219,"y":-3.8831050395965578,"z":7.493436813354492},"rotation":{"x":-0.2245764285326004,"y":-0.1395087093114853,"z":0.032479144632816318,"w":-0.963912844657898},"size":5.524745941162109,"orthographic":false}