{"cameraMode":{"drawMode":0,"name":"Shaded","section":"Shading Mode"},"sceneLighting":true,"audioPlay":false,"sceneViewState":{"showFog":true,"showMaterialUpdate":false,"showSkybox":true,"showFlares":false,"showImageEffects":false,"showParticleSystems":false},"in2DMode":false,"pivot":{"x":-0.6573593020439148,"y":-4.867311477661133,"z":8.363070487976075},"rotation":{"x":-0.32673805952072146,"y":0.07387813180685044,"z":-0.02562963403761387,"w":-0.9419196844100952},"size":6.7247467041015629,"orthographic":false}