{"cameraMode":{"drawMode":0,"name":"Shaded","section":"Shading Mode"},"sceneLighting":true,"audioPlay":false,"sceneViewState":{"showFog":true,"showMaterialUpdate":false,"showSkybox":true,"showFlares":false,"showImageEffects":false,"showParticleSystems":false},"in2DMode":false,"pivot":{"x":0.3732626140117645,"y":-3.8039932250976564,"z":-3.400622844696045},"rotation":{"x":0.0018897223053500057,"y":0.91089928150177,"z":-0.41269397735595705,"w":0.004055587574839592},"size":4.6247453689575199,"orthographic":false}