{"cameraMode":{"drawMode":0,"name":"Shaded","section":"Shading Mode"},"sceneLighting":true,"audioPlay":false,"sceneViewState":{"showFog":true,"showMaterialUpdate":false,"showSkybox":true,"showFlares":false,"showImageEffects":false,"showParticleSystems":false},"in2DMode":false,"pivot":{"x":-0.11060728877782822,"y":-2.4305918216705324,"z":-4.71047306060791},"rotation":{"x":-0.0035542005207389595,"y":0.9638781547546387,"z":-0.2661367356777191,"w":-0.013050680048763752},"size":3.1247448921203615,"orthographic":false}