{"cameraMode":{"drawMode":0,"name":"Shaded","section":"Shading Mode"},"sceneLighting":false,"audioPlay":false,"sceneViewState":{"showFog":true,"showMaterialUpdate":false,"showSkybox":false,"showFlares":false,"showImageEffects":false,"showParticleSystems":false},"in2DMode":false,"pivot":{"x":0.22152328491210938,"y":0.8230059146881104,"z":-1.2380894422531129},"rotation":{"x":0.14399884641170503,"y":-0.4317563474178314,"z":0.07002314925193787,"w":0.8876946568489075},"size":1.1024937629699708,"orthographic":false}