{"cameraMode":{"drawMode":0,"name":"Shaded","section":"Shading Mode"},"sceneLighting":false,"audioPlay":false,"sceneViewState":{"showFog":true,"showMaterialUpdate":false,"showSkybox":false,"showFlares":false,"showImageEffects":false,"showParticleSystems":false},"in2DMode":false,"pivot":{"x":4.120960712432861,"y":-2.9356396198272707,"z":3.011859893798828},"rotation":{"x":0.2041248381137848,"y":0.43658095598220827,"z":-0.10239683836698532,"w":0.8702130317687988},"size":3.9209635257720949,"orthographic":false}