{"cameraMode":{"drawMode":0,"name":"Shaded","section":"Shading Mode"},"sceneLighting":false,"audioPlay":false,"sceneViewState":{"showFog":true,"showMaterialUpdate":false,"showSkybox":false,"showFlares":false,"showImageEffects":false,"showParticleSystems":false},"in2DMode":false,"pivot":{"x":-0.1909896284341812,"y":0.6661761403083801,"z":-0.07976116985082627},"rotation":{"x":0.07989770919084549,"y":-0.6697606444358826,"z":0.07281559705734253,"w":0.7347032427787781},"size":1.1024937629699708,"orthographic":false}