{"cameraMode":{"drawMode":0,"name":"Shaded","section":"Shading Mode"},"sceneLighting":true,"audioPlay":false,"sceneViewState":{"showFog":true,"showMaterialUpdate":false,"showSkybox":true,"showFlares":false,"showImageEffects":false,"showParticleSystems":false},"in2DMode":false,"pivot":{"x":-2.213850498199463,"y":-2.7272658348083498,"z":0.2019212543964386},"rotation":{"x":-0.32292747497558596,"y":0.5905207991600037,"z":-0.27832162380218508,"w":-0.6852875351905823},"size":4.6247453689575199,"orthographic":false}