{"cameraMode":{"drawMode":0,"name":"Shaded","section":"Shading Mode"},"sceneLighting":false,"audioPlay":false,"sceneViewState":{"showFog":true,"showMaterialUpdate":false,"showSkybox":false,"showFlares":false,"showImageEffects":false,"showParticleSystems":false},"in2DMode":false,"pivot":{"x":-1.3381760120391846,"y":0.3071427345275879,"z":0.2732996344566345},"rotation":{"x":0.11469533294439316,"y":-0.5970920324325562,"z":0.0867590382695198,"w":0.7892104983329773},"size":1.1024937629699708,"orthographic":false}