{"cameraMode":{"drawMode":0,"name":"Shaded","section":"Shading Mode"},"sceneLighting":false,"audioPlay":false,"sceneViewState":{"showFog":true,"showMaterialUpdate":false,"showSkybox":false,"showFlares":false,"showImageEffects":false,"showParticleSystems":false},"in2DMode":false,"pivot":{"x":0.9630596041679382,"y":0.7790114283561707,"z":-0.791036069393158},"rotation":{"x":-0.2513267695903778,"y":0.13988175988197328,"z":-0.03678258880972862,"w":-0.9570749998092651},"size":0.7088725566864014,"orthographic":false}