{"cameraMode":{"drawMode":0,"name":"Shaded","section":"Shading Mode"},"sceneLighting":true,"audioPlay":false,"sceneViewState":{"showFog":true,"showMaterialUpdate":false,"showSkybox":true,"showFlares":false,"showImageEffects":false,"showParticleSystems":false},"in2DMode":false,"pivot":{"x":-0.40626874566078188,"y":0.15793204307556153,"z":0.8044722080230713},"rotation":{"x":0.019436411559581758,"y":0.9278274178504944,"z":-0.3693983256816864,"w":0.048718199133872989},"size":2.524744987487793,"orthographic":false}