{"cameraMode":{"drawMode":0,"name":"Shaded","section":"Shading Mode"},"sceneLighting":true,"audioPlay":false,"sceneViewState":{"showFog":true,"showMaterialUpdate":false,"showSkybox":true,"showFlares":false,"showImageEffects":false,"showParticleSystems":false},"in2DMode":false,"pivot":{"x":-4.9269256591796879,"y":-5.744028091430664,"z":0.7679911255836487},"rotation":{"x":-0.29436230659484866,"y":0.6348173022270203,"z":-0.2853449881076813,"w":-0.654992938041687},"size":5.524745941162109,"orthographic":false}