{"cameraMode":{"drawMode":0,"name":"Shaded","section":"Shading Mode"},"sceneLighting":true,"audioPlay":false,"sceneViewState":{"showFog":true,"showMaterialUpdate":false,"showSkybox":true,"showFlares":false,"showImageEffects":false,"showParticleSystems":false},"in2DMode":false,"pivot":{"x":-1.9311740398406983,"y":-4.760138988494873,"z":7.348245620727539},"rotation":{"x":-0.3143247961997986,"y":0.06000712886452675,"z":-0.019936228170990945,"w":-0.9472497701644898},"size":5.524745941162109,"orthographic":false}