{"cameraMode":{"drawMode":0,"name":"Shaded","section":"Shading Mode"},"sceneLighting":true,"audioPlay":false,"sceneViewState":{"showFog":true,"showMaterialUpdate":false,"showSkybox":true,"showFlares":false,"showImageEffects":false,"showParticleSystems":false},"in2DMode":false,"pivot":{"x":4.0308308601379398,"y":-4.072193145751953,"z":2.2857255935668947},"rotation":{"x":0.2902645170688629,"y":0.5201166868209839,"z":-0.19361360371112824,"w":0.7796200513839722},"size":6.185858249664307,"orthographic":false}