{"cameraMode":{"drawMode":0,"name":"Shaded","section":"Shading Mode"},"sceneLighting":true,"audioPlay":false,"sceneViewState":{"showFog":true,"showMaterialUpdate":false,"showSkybox":true,"showFlares":false,"showImageEffects":false,"showParticleSystems":false},"in2DMode":false,"pivot":{"x":-0.07714103162288666,"y":0.7888164520263672,"z":-0.015261572785675526},"rotation":{"x":-0.020532017573714258,"y":0.9232508540153503,"z":-0.3804784417152405,"w":-0.04994601383805275},"size":2.824744939804077,"orthographic":false}